6672,糖果腦,2頭
6257,惡魔糖,可參考(frag座2.5cm)
6202,黃金腦,可參考(frag座2.5cm)
3400,金鳳梨,可參考(frag座2.5cm)
6798,腦,可參考(frag座2.5cm)
4527,紅眼貓眼腦,1頭
6352,藍花橙底瓦,可參考(frag座2.5cm)
1867,Zoas,1頭
4041,Zoas,1頭
4769,Green Death Zoas,3頭
0141,Nuclear Green Zoas,2頭
2541,Zoas,1頭
2063,Zoas,1頭
5784,惡魔糖,可參考(frag座2.5cm)
5483,黃金腦,可參考(frag座2.5cm)
7178,腦,可參考(frag座2.5cm)
2540,雙色瓦片,可參考(frag座2.5cm)
3450,紅眼貓眼腦,2頭
6792,腦,3頭
4641,糖果腦,3頭
4645,Zoas,2頭
3447,Captain America Zoas,1頭
4168,螢光綠寶石花,可參考(frag座2.5cm)
4161,馬卡龍寶石花,可參考(frag座2.5cm)
4479,馬卡龍寶石花,可參考(frag座2.5cm)
1689,馬卡龍寶石花,可參考(frag座2.5cm)
2078,馬卡龍寶石花,可參考(frag座2.5cm)
6552,茉莉花,可參考(frag座2.5cm)
4922,馬卡龍寶石花,可參考(frag座2.5cm)
3920,馬卡龍寶石花,可參考(frag座2.5cm)
0807,馬卡龍寶石花,可參考(frag座2.5cm)
4414,馬卡龍寶石花,可參考(frag座2.5cm)
0963,藍邊熒光綠菇,1頭
5447,金彈弓,可參考(frag座2.5cm)
6702,光纖,可參考(frag座2.5cm)
3621,馬卡龍寶石花,可參考(frag座2.5cm)
4722,馬卡龍寶石花,可參考(frag座2.5cm)
3149,螢光綠寶石花,可參考(frag座2.5cm)
6338,茉莉花,可參考(frag座2.5cm)
4081,馬卡龍寶石花,可參考(frag座2.5cm)
6655,糖果腦,2頭
3896,Zoas,1頭
3488,Zoas,1頭
3995,Zoas,1頭
7437,Zoas,1頭
1211,扣,9頭
2580,Candy Apple Zoas,1頭
4389,Zoas,1頭
4239,Zoas,1頭
4082,Nuclear Green Zoas,4頭
2322,Zoas,1頭
5682,粉彩腦,1頭
6227,螢光綠寶石花,可參考(frag座2.5cm)
4462,馬卡龍寶石花,可參考(frag座2.5cm)
6958,馬卡龍寶石花,可參考(frag座2.5cm)
4377,精品五彩調色盤,可參考(frag座2.5cm)
